Organism,Genomebuild,Cell.line,Chromosome,Start,End,Target.gene,Sequence,Direction,PubMed.ID,Cas9,Screentype,Condition,enrichment_effect,depletion_effect,seq_length,A_count,C_count,G_count,T_count,gc_content,homopol_run,pam,pam_NGG
Homo sapiens,GRCh38.p7,Jiyoye,17,7502007,7502030,POLR2A,AGGAGTTCTCCACAAAGCCACGG,-,26472758,hSpCas9,negative selection,viability,5,-9,23,7,7,6,3,6.304347826086957,3,CGG,1
Homo sapiens,GRCh38.p7,Jiyoye,17,7503468,7503491,POLR2A,GCACCCCATCAAAGTGGTGGAGG,+,26472758,hSpCas9,negative selection,viability,9,-8,23,6,6,8,3,8.26086956521739,4,AGG,1
Homo sapiens,GRCh38.p7,Jiyoye,17,7503704,7503727,POLR2A,GAAACTCCTCTGCCATGCGGCGG,-,26472758,hSpCas9,negative selection,viability,1,-9,23,4,8,7,4,7.3478260869565215,3,CGG,1
Homo sapiens,GRCh38.p7,Jiyoye,17,7511438,7511461,POLR2A,GAAGAAGATCATCATCACGGAGG,+,26472758,hSpCas9,negative selection,viability,8,-9,23,9,4,7,3,7.173913043478261,2,AGG,1
Homo sapiens,GRCh38.p7,Jiyoye,17,7495937,7495960,POLR2A,GCAGAAGCGAATGTCTGTGACGG,+,26472758,hSpCas9,negative selection,viability,1,-9,23,6,4,9,4,9.173913043478262,2,CGG,1
Homo sapiens,GRCh38.p7,Jiyoye,17,7496553,7496576,POLR2A,GATGGACAACAAGTTCGGTGTGG,+,26472758,hSpCas9,negative selection,viability,2,-8,23,6,3,9,5,9.130434782608695,2,TGG,1
Homo sapiens,GRCh38.p7,Jiyoye,17,7497651,7497674,POLR2A,GGGACGCCCAGACTTCTGCATGG,-,26472758,hSpCas9,negative selection,viability,1,-9,23,4,7,8,4,8.304347826086957,3,TGG,1
Homo sapiens,GRCh38.p7,Jiyoye,17,7501534,7501557,POLR2A,GAAGGCACACAACAATGAGCTGG,+,26472758,hSpCas9,negative selection,viability,2,-8,23,9,5,7,2,7.217391304347826,2,TGG,1
Homo sapiens,GRCh38.p7,Jiyoye,17,7501990,7502013,POLR2A,GACTACGGGCCTGAGAGCCGTGG,+,26472758,hSpCas9,negative selection,viability,6,-9,23,4,6,10,3,10.26086956521739,3,TGG,1
Homo sapiens,GRCh38.p7,Jiyoye,17,7502512,7502535,POLR2A,CTCCAGGATACATCCAGCGGCGG,+,26472758,hSpCas9,negative selection,viability,1,-9,23,5,8,7,3,7.3478260869565215,2,CGG,1
Homo sapiens,GRCh38.p7,DLD1,17,7484836,7484859,POLR2A,AGTCCTGAGTCCGGATGAACTGG,+,26627737,hSpCas9,negative selection,viability,-7,-9,23,5,5,8,5,8.217391304347826,2,TGG,1
Homo sapiens,GRCh38.p7,DLD1,17,7495944,7495967,POLR2A,CGAATGTCTGTGACGGAGGGTGG,+,26627737,hSpCas9,negative selection,viability,9,-9,23,4,3,11,5,11.130434782608695,3,TGG,1
Homo sapiens,GRCh38.p7,DLD1,17,7496260,7496283,POLR2A,AGGAAGCCCACGTGAAACACAGG,-,26627737,hSpCas9,negative selection,viability,-9,-9,23,9,6,7,1,7.260869565217392,3,AGG,1
Homo sapiens,GRCh38.p7,DLD1,17,7496503,7496526,POLR2A,CATGTCTACGACCTTTGCAAGGG,+,26627737,hSpCas9,negative selection,viability,5,-9,23,5,6,6,6,6.260869565217392,3,GGG,1
Homo sapiens,GRCh38.p7,DLD1,17,7497002,7497025,POLR2A,CATCACAACAGCAGGCCGCACGG,-,26627737,hSpCas9,negative selection,viability,2,-9,23,7,9,6,1,6.391304347826087,2,CGG,1
Homo sapiens,GRCh38.p7,DLD1,17,7497466,7497489,POLR2A,CCAGTTCCATGTGGCCACCATGG,+,26627737,hSpCas9,negative selection,viability,0,-9,23,4,8,6,5,6.3478260869565215,2,TGG,1
Homo sapiens,GRCh38.p7,HL60,17,7484750,7484773,POLR2A,GCGCCTGCCTCCGCCATGCACGG,+,24336569,hSpCas9,negative selection,viability,-7,-9,23,2,11,7,3,7.478260869565218,2,CGG,1
Homo sapiens,GRCh38.p7,HL60,17,7484803,7484826,POLR2A,CTCTCTTGATGGTGCGCAGCGGG,-,24336569,hSpCas9,negative selection,viability,-8,-9,23,2,6,9,6,9.26086956521739,3,GGG,1
Homo sapiens,GRCh38.p7,HL60,17,7484813,7484836,POLR2A,ACCATCAAGAGAGTCCAGTTCGG,+,24336569,hSpCas9,negative selection,viability,-8,-9,23,7,6,6,4,6.260869565217392,2,CGG,1
Homo sapiens,GRCh38.p7,HL60,17,7484827,7484850,POLR2A,CCGGACTCAGGACTCCGAACTGG,-,24336569,hSpCas9,negative selection,viability,-9,-9,23,5,8,7,3,7.3478260869565215,2,TGG,1
Homo sapiens,GRCh38.p7,HL60,17,7484846,7484869,POLR2A,GAGCCGCTTACCAGTTCATCCGG,-,24336569,hSpCas9,negative selection,viability,-9,-9,23,4,8,6,5,6.3478260869565215,2,CGG,1
Homo sapiens,GRCh38.p7,HL60,17,7495970,7495993,POLR2A,CAAATACCCAGAGACGACTGAGG,+,24336569,hSpCas9,negative selection,viability,-8,-9,23,9,6,6,2,6.260869565217392,3,AGG,1
Homo sapiens,GRCh38.p7,HL60,17,7495976,7495999,POLR2A,GGCCTCCCTCAGTCGTCTCTGGG,-,24336569,hSpCas9,negative selection,viability,9,-9,23,1,9,7,6,7.391304347826087,3,GGG,1
Homo sapiens,GRCh38.p7,A375,17,7491574,7491597,POLR2A,CAGGCTTGAGCCACTGCGCCTGG,+,25494202,dCas9-VP64,positive selection,resistance to PLX-4720 (puromycin),6,1,23,3,8,8,4,8.347826086956522,2,TGG,1
Homo sapiens,GRCh38.p7,A375,17,7507781,7507804,POLR2A,GAGACGGGGTTTCACCATGTTGG,-,25494202,dCas9-VP64,positive selection,resistance to PLX-4720 (puromycin),6,-3,23,4,4,9,6,9.173913043478262,4,TGG,1
Homo sapiens,GRCh38.p7,A375,17,7488449,7488472,POLR2A,GCTGAGGCGGGCGGATCACGAGG,+,25494202,dCas9-VP64,positive selection,resistance to PLX-4720 (puromycin),8,7,23,4,5,12,2,12.217391304347826,3,AGG,1
Homo sapiens,GRCh38.p7,A375,17,7484416,7484439,POLR2A,AGTTTGTCTCTCCCCCTTCCGGG,-,25494202,dCas9-VP64,positive selection,resistance to PLX-4720 (puromycin),5,2,23,1,9,5,8,5.391304347826087,5,GGG,1
Homo sapiens,GRCh38.p7,A375,17,7484388,7484411,POLR2A,GCCGGGACGGTTGGAGAAGAAGG,+,25494202,dCas9-VP64,positive selection,resistance to PLX-4720 (puromycin),9,-9,23,6,3,12,2,12.130434782608695,3,AGG,1
Homo sapiens,GRCh38.p7,A375,17,7484366,7484389,POLR2A,GCTCAGAAGCGCCGAGAGCGCGG,+,25494202,dCas9-VP64,positive selection,resistance to PLX-4720 (puromycin),-1,-6,23,5,7,10,1,10.304347826086957,2,CGG,1
Homo sapiens,GRCh38.p7,DLD1,17,7496565,7496588,POLR2A,GTTCGGTGTGGAACAACCTGAGG,+,27260157,hSpCas9,negative selection,viability,-9,-9,23,5,4,9,5,9.173913043478262,2,AGG,1
Homo sapiens,GRCh38.p7,DLD1,17,7496474,7496497,POLR2A,CCGCTTCTTGGGCTGTCCCTTGG,-,27260157,hSpCas9,negative selection,viability,0,-9,23,0,8,7,8,7.3478260869565215,3,TGG,1
Homo sapiens,GRCh38.p7,DLD1,17,7496319,7496342,POLR2A,CTTCTGCTCCAAACTGCTTGTGG,+,27260157,hSpCas9,negative selection,viability,7,-7,23,3,7,5,8,5.304347826086957,3,TGG,1
Homo sapiens,GRCh38.p7,DLD1,17,7496788,7496811,POLR2A,CAGCCCAGGATCCGGCGTTCTGG,+,27260157,hSpCas9,negative selection,viability,-8,-9,23,3,8,8,4,8.347826086956522,3,TGG,1
Homo sapiens,GRCh38.p7,DLD1,17,7496457,7496480,POLR2A,GGATATCCTGGCTAAGTCCAAGG,+,27260157,hSpCas9,negative selection,viability,-6,-9,23,6,5,7,5,7.217391304347826,2,AGG,1
Homo sapiens,GRCh38.p7,DLD1,17,7484827,7484850,POLR2A,CCAGTTCGGAGTCCTGAGTCCGG,+,27260157,hSpCas9,negative selection,viability,-9,-9,23,3,7,8,5,8.304347826086957,2,CGG,1
Homo sapiens,GRCh38.p7,DLD1,17,7496502,7496525,POLR2A,ACATGTCTACGACCTTTGCAAGG,+,27260157,hSpCas9,negative selection,viability,6,-9,23,6,6,5,6,5.260869565217392,3,AGG,1
Homo sapiens,GRCh38.p7,SW480,17,7503398,7503421,POLR2A,GTAACCTGCTGCGGATGATCTGG,+,27013184,hSpCas9,positive selection,treatment with recombinant TRAIL,-8,-8,23,4,5,8,6,8.217391304347826,2,TGG,1
Homo sapiens,GRCh38.p7,SW480,17,7503462,7503485,POLR2A,CGACCTGCACCCCATCAAAGTGG,+,27013184,hSpCas9,positive selection,treatment with recombinant TRAIL,-9,-9,23,6,9,5,3,5.391304347826087,4,TGG,1
Homo sapiens,GRCh38.p7,SW480,17,7503465,7503488,POLR2A,CCTGCACCCCATCAAAGTGGTGG,+,27013184,hSpCas9,positive selection,treatment with recombinant TRAIL,8,8,23,5,8,6,4,6.3478260869565215,4,TGG,1
Homo sapiens,GRCh38.p7,SW480,17,7503469,7503492,POLR2A,CACCCCATCAAAGTGGTGGAGGG,+,27013184,hSpCas9,positive selection,treatment with recombinant TRAIL,-7,-7,23,6,6,8,3,8.26086956521739,4,GGG,1
Homo sapiens,GRCh38.p7,SW480,17,7503485,7503508,POLR2A,TGGAGGGTAAGTACCTGCTTAGG,+,27013184,hSpCas9,positive selection,treatment with recombinant TRAIL,-9,-9,23,5,3,9,6,9.130434782608695,3,AGG,1
Homo sapiens,GRCh38.p7,SW480,17,7503486,7503509,POLR2A,GGAGGGTAAGTACCTGCTTAGGG,+,27013184,hSpCas9,positive selection,treatment with recombinant TRAIL,-4,-4,23,5,3,10,5,10.130434782608695,3,GGG,1
Homo sapiens,GRCh38.p7,SW480,17,7503487,7503510,POLR2A,GAGGGTAAGTACCTGCTTAGGGG,+,27013184,hSpCas9,positive selection,treatment with recombinant TRAIL,-1,-1,23,5,3,10,5,10.130434782608695,4,GGG,1
Homo sapiens,GRCh38.p7,SW480,17,7484843,7484866,POLR2A,AGTCCGGATGAACTGGTAAGCGG,+,27013184,hSpCas9,positive selection,treatment with recombinant TRAIL,-7,-7,23,6,4,9,4,9.173913043478262,2,CGG,1
Homo sapiens,GRCh38.p7,SW480,17,7503393,7503416,POLR2A,TCATCCGCAGCAGGTTACAGGGG,-,27013184,hSpCas9,positive selection,treatment with recombinant TRAIL,-6,-6,23,5,6,8,4,8.26086956521739,4,GGG,1
Homo sapiens,GRCh38.p7,SW480,17,7503394,7503417,POLR2A,ATCATCCGCAGCAGGTTACAGGG,-,27013184,hSpCas9,positive selection,treatment with recombinant TRAIL,0,0,23,6,6,7,4,7.260869565217392,3,GGG,1
Homo sapiens,GRCh38.p7,SW480,17,7503395,7503418,POLR2A,GATCATCCGCAGCAGGTTACAGG,-,27013184,hSpCas9,positive selection,treatment with recombinant TRAIL,4,4,23,6,6,7,4,7.260869565217392,2,AGG,1
Homo sapiens,GRCh38.p7,SW480,17,7503402,7503425,POLR2A,CATTCCAGATCATCCGCAGCAGG,-,27013184,hSpCas9,positive selection,treatment with recombinant TRAIL,-1,-1,23,6,8,5,4,5.3478260869565215,2,AGG,1
Homo sapiens,GRCh38.p7,SW480,17,7503461,7503484,POLR2A,CACTTTGATGGGGTGCAGGTCGG,-,27013184,hSpCas9,positive selection,treatment with recombinant TRAIL,2,2,23,3,4,10,6,10.173913043478262,4,CGG,1
Homo sapiens,GRCh38.p7,SW480,17,7503471,7503494,POLR2A,TACCCTCCACCACTTTGATGGGG,-,27013184,hSpCas9,positive selection,treatment with recombinant TRAIL,3,3,23,4,8,5,6,5.3478260869565215,4,GGG,1
Homo sapiens,GRCh38.p7,SW480,17,7503472,7503495,POLR2A,TTACCCTCCACCACTTTGATGGG,-,27013184,hSpCas9,positive selection,treatment with recombinant TRAIL,-3,-3,23,4,8,4,7,4.3478260869565215,3,GGG,1
Homo sapiens,GRCh38.p7,SW480,17,7503473,7503496,POLR2A,CTTACCCTCCACCACTTTGATGG,-,27013184,hSpCas9,positive selection,treatment with recombinant TRAIL,1,1,23,4,9,3,7,3.391304347826087,3,TGG,1
Homo sapiens,GRCh38.p7,HT29,17,7499294,7499317,POLR2A,GTACAATGCAGACTTTGACGGGG,+,27453484,hSpCas9,positive selection,resistance to T3SS1-dependent cytotoxicity,0,-9,23,6,4,8,5,8.173913043478262,4,GGG,1
Homo sapiens,GRCh38.p7,HT29,17,7496567,7496590,POLR2A,TTCGGTGTGGAACAACCTGAGGG,+,27453484,hSpCas9,positive selection,resistance to T3SS1-dependent cytotoxicity,9,-9,23,5,4,9,5,9.173913043478262,3,GGG,1
Homo sapiens,GRCh38.p7,293T,17,7496525,7496548,POLR2A,GCAAAAACATATGCGAGGGTGGG,+,27383988,hSpCas9,positive selection,resistance to West Nile virus (flavivirus),6,-9,23,8,3,9,3,9.130434782608695,5,GGG,1
Homo sapiens,GRCh38.p7,A375,17,7499293,7499316,POLR2A,GTACAATGCAGACTTTGACGGGG,+,26780180,hSpCas9,positive selection,resistance to vemurafenib (Avana lentiCRISPRv2),0,-9,23,6,4,8,5,8.173913043478262,4,GGG,1
Homo sapiens,GRCh38.p7,A375,17,7496566,7496589,POLR2A,TTCGGTGTGGAACAACCTGAGGG,+,26780180,hSpCas9,positive selection,resistance to vemurafenib (Avana lentiCRISPRv2),9,-9,23,5,4,9,5,9.173913043478262,3,GGG,1
Homo sapiens,GRCh38.p7,A375,17,7497796,7497819,POLR2A,TGGAGCGGGGCACGCCAACCTGG,-,26780180,hSpCas9,positive selection,resistance to vemurafenib (GeCKOv2 lentiGuide),8,-9,23,4,7,10,2,10.304347826086957,4,TGG,1
Homo sapiens,GRCh38.p7,A375,17,7497682,7497705,POLR2A,TGCCCTTCAACCGCTGCTTCAGG,-,26780180,hSpCas9,positive selection,resistance to vemurafenib (GeCKOv2 lentiGuide),9,-1,23,3,9,5,6,5.391304347826087,3,AGG,1
Homo sapiens,GRCh38.p7,OCIAML3,17,7501606,7501628,POLR2A,TCGGGCATCGTTAAGAATGCGG,-,27760321,hSpCas9,negative selection,viability,-8,-9,22,5,4,8,5,8.181818181818182,3,CGG,1
Homo sapiens,GRCh38.p7,OCIAML3,17,7501686,7501708,POLR2A,TGGTCGTGTCCGGAGCTAAAGG,+,27760321,hSpCas9,negative selection,viability,-4,-9,22,4,4,9,5,9.181818181818182,3,AGG,1
Homo sapiens,GRCh38.p7,OCIAML3,17,7503117,7503139,POLR2A,GTATAATCAAAGCGGAACCTGG,-,27760321,hSpCas9,negative selection,viability,-8,-9,22,8,4,6,4,6.181818181818182,3,TGG,1
Homo sapiens,GRCh38.p7,OCIAML3,17,7503227,7503249,POLR2A,GAATTTGAGCGGATGCGGGAGG,+,27760321,hSpCas9,negative selection,viability,-3,-9,22,5,2,11,4,11.090909090909092,3,AGG,1
Homo sapiens,GRCh38.p7,OCIAML3,17,7498079,7498101,POLR2A,CTTCAAGAACTAGTGCGCAGGG,+,27760321,hSpCas9,negative selection,viability,-1,-9,22,6,5,7,4,7.2272727272727275,3,GGG,1
Homo sapiens,GRCh38.p7,K562,17,7484379,7484402,POLR2A,GAGAGCGCGGCCGGGACGGTTGG,+,27661255,dCas9-KRAB,negative selection,viability,-8,-8,23,3,5,13,2,13.217391304347826,3,TGG,1
Homo sapiens,GRCh38.p7,K562,17,7484782,7484805,POLR2A,GGCATGCGCTGTCCCCCGAGGGG,-,27661255,dCas9-KRAB,negative selection,viability,7,7,23,2,8,10,3,10.347826086956522,5,GGG,1
Homo sapiens,GRCh38.p7,DLD1_KRAS-WT,17,7503704,7503727,POLR2A,CCGCCGCATGGCAGAGGAGTTTC,-,28700943,hSpCas9,negative selection,viability,-4,-9,23,4,7,8,4,8.304347826086957,3,TTC,0
